DATE,BR_STABLE,BR_VARIABLE,SR
2021-09-15T00:00:00Z,0.055394984994822045,0.3627317694881116,0.01815169536190469
2021-09-14T00:00:00Z,0.05654033314323917,0.36583775330722373,0.0200784712112593
2021-09-13T00:00:00Z,0.049024714063502804,0.35431269987839875,0.009900542558887938
2021-09-12T00:00:00Z,0.048028048215527454,0.352474876637305,0.00829300413609918
2021-09-11T00:00:00Z,0.05076423628791112,0.35919645557143387,0.009658472421239506
2021-09-10T00:00:00Z,0.050872567594332056,0.3593610466333093,0.009657751532722074
2021-09-09T00:00:00Z,0.051794088434070434,0.36038658791950884,0.010366861111377253
2021-09-08T00:00:00Z,0.05024036801339231,0.3586447536562255,0.010334784495762358
2021-09-07T00:00:00Z,0.05208406896375303,0.3601160669787266,0.01222448927604005
2021-09-06T00:00:00Z,0.05145653953281756,0.3592904762662184,0.01150179503528674
2021-09-05T00:00:00Z,0.051000618725210944,0.3593168589017673,0.011459716101888742
2021-09-04T00:00:00Z,0.051866531279120456,0.36125545850016855,0.013190183823654476
2021-09-03T00:00:00Z,0.049768806208151974,0.3595376243514407,0.011131338369601737
2021-09-02T00:00:00Z,0.05236745677334079,0.3619713348594518,0.012876376940956316
2021-09-01T00:00:00Z,0.05147491966757201,0.35977603965274124,0.010970830292782884
2021-08-31T00:00:00Z,0.05072829579882516,0.3987716558715743,0.01079002662423186
2021-08-30T00:00:00Z,0.051771041728422895,0.35978891577786837,0.010633778859789044
2021-08-29T00:00:00Z,0.05341565245250154,0.3606612067500581,0.010972045829487522
2021-08-28T00:00:00Z,0.049916715577542056,0.35686320017484063,0.00887952522370792
2021-08-27T00:00:00Z,0.050428199939383016,0.35605550632529687,0.009199050123211969
2021-08-26T00:00:00Z,0.05430722897936914,0.36010211532487396,0.011998995153071708
2021-08-25T00:00:00Z,0.05454927302866925,0.3610596562774312,0.012610618911054113
2021-08-24T00:00:00Z,0.05098383506008309,0.35830361456868975,0.01041057275945835
2021-08-23T00:00:00Z,0.053095545236183324,0.3583179860998785,0.011026122475957
2021-08-22T00:00:00Z,0.05454913770366538,0.3602184659096585,0.011454124632084221
2021-08-21T00:00:00Z,0.055976724416597005,0.3642853146573335,0.0118454439443707
2021-08-20T00:00:00Z,0.053445589110410786,0.36437638678849965,0.011388759630345064
2021-08-19T00:00:00Z,0.06340210683365143,0.36152214413539857,0.010521866193840252
2021-08-18T00:00:00Z,0.10337293721006993,0.3615650302317909,0.01114493856070517
2021-08-17T00:00:00Z,0.10756761467689323,0.3654753310106605,0.013354815716901981
2021-08-16T00:00:00Z,0.11001141502993945,0.36820588818911154,0.014591351846966465
2021-08-15T00:00:00Z,0.11053820351112251,0.37727854522517346,0.02135598193394447
2021-08-14T00:00:00Z,0.10999992686664599,0.41064251646095423,0.050627381344380634
2021-08-13T00:00:00Z,0.11046308056103922,0.3687324399667648,0.01605902082030061
2021-08-12T00:00:00Z,0.10807459127799905,0.3650536941560456,0.014022553670134368
2021-08-11T00:00:00Z,0.10613487870610785,0.36271810624476286,0.012942500754918292
2021-08-10T00:00:00Z,0.10799539549171917,0.36901192887394146,0.014542844296505656
2021-08-09T00:00:00Z,0.10924986133947243,0.42307545999044716,0.03833401236210378
2021-08-08T00:00:00Z,0.10531459360007361,0.5611880483719576,0.11078732037474358
2021-08-07T00:00:00Z,0.10411238802389854,0.36624556416885157,0.015224130884796586
2021-08-06T00:00:00Z,0.10402646472760851,0.3664761984209243,0.015212774147960472
2021-08-05T00:00:00Z,0.10366937821587813,0.3660055599435488,0.01469831388172595
2021-08-04T00:00:00Z,0.10620836727903878,0.36799260813611895,0.016594237803156914
2021-08-03T00:00:00Z,0.10861645411855225,0.37246729992550487,0.020106897758497517
2021-08-02T00:00:00Z,0.109088991762733,0.3714774194432823,0.01975274257950782
2021-08-01T00:00:00Z,0.1046985821313366,0.36578975812049486,0.014843311835441532
2021-07-31T00:00:00Z,0.10444781881253297,0.3602596134261958,0.010235114101337215
2021-07-30T00:00:00Z,0.10394510449682892,0.35973533949204617,0.009822030717867292
2021-07-29T00:00:00Z,0.10827919518177491,0.3658481743309961,0.013068797924422936
2021-07-28T00:00:00Z,0.10631267703910294,0.36748839117279575,0.0150790790249728
2021-07-27T00:00:00Z,0.10560559422928965,0.3678257208809534,0.015510494323369357
2021-07-26T00:00:00Z,0.10539931385879281,0.3674569891230036,0.015238999275051025
2021-07-25T00:00:00Z,0.10610542280356905,0.368136655933635,0.015096636654491638
2021-07-24T00:00:00Z,0.10683268512981171,0.3628353074809192,0.012691269835204716
2021-07-23T00:00:00Z,0.1053946015224316,0.3608216563204102,0.010064898024860798
2021-07-22T00:00:00Z,0.10425194340360444,0.3592194096603894,0.009055609539507615
2021-07-21T00:00:00Z,0.10574957694587975,0.3617789712516095,0.010554453463470398
2021-07-20T00:00:00Z,0.10606258191343437,0.3623325501797233,0.01077282570575763
2021-07-19T00:00:00Z,0.10513105362159872,0.3604441725619356,0.009746980753267687
2021-07-18T00:00:00Z,0.10497779300547434,0.3598369581183046,0.009711424966861762
2021-07-17T00:00:00Z,0.10662202106384434,0.36157692125968055,0.011344249148804914
2021-07-16T00:00:00Z,0.1044960348001636,0.3590721372870776,0.009375270271474117
2021-07-15T00:00:00Z,0.10595961928053797,0.3622318456821085,0.011667790995840376
2021-07-14T00:00:00Z,0.10685194945255318,0.36293709046498035,0.011190994019719538
2021-07-13T00:00:00Z,0.10837970812150594,0.36290584581582697,0.011391043882574928
2021-07-12T00:00:00Z,0.10681499732014028,0.3610016312520434,0.01040755946710961
2021-07-11T00:00:00Z,0.1045868067179017,0.36205103024083224,0.010928491939930408
2021-07-10T00:00:00Z,0.10556143520882733,0.3625547352882303,0.011267241862001745
2021-07-09T00:00:00Z,0.10694895209469985,0.36266312296019715,0.011508392877722323
2021-07-08T00:00:00Z,0.10986942382302113,0.3652102077540252,0.012881433924149279
2021-07-07T00:00:00Z,0.11215257369392759,0.3664180303990134,0.01466377336353882
2021-07-06T00:00:00Z,0.11069143490175443,0.3637453977593908,0.011807242811196718
2021-07-05T00:00:00Z,0.10893803553876413,0.36231703089142264,0.011398095683451855
2021-07-04T00:00:00Z,0.1089912073510989,0.3627466826481833,0.0129568564028283
2021-07-03T00:00:00Z,0.1089867728694606,0.36332198268655297,0.01309048185337353
2021-07-02T00:00:00Z,0.11200350720938908,0.3655240251399861,0.013696506989439547
2021-07-01T00:00:00Z,0.1102897539781811,0.36329131088835953,0.01380483853572565
2021-06-30T00:00:00Z,0.11385351749474058,0.3645037049798551,0.01484742730721252
2021-06-29T00:00:00Z,0.11037306300961636,0.3635428555319861,0.014362668775932714
2021-06-28T00:00:00Z,0.10674439316090233,0.35955788117905035,0.012352504618709716
2021-06-27T00:00:00Z,0.10787739438039846,0.36594390874591337,0.015997217355501435
2021-06-26T00:00:00Z,0.10835410129624683,0.3645948779468,0.015336288660321697
2021-06-25T00:00:00Z,0.10937638674574628,0.364196210273053,0.016037833262117954
2021-06-24T00:00:00Z,0.11184037037683178,0.3666876717900797,0.017447606564210853
2021-06-23T00:00:00Z,0.1179928313920039,0.37140089754672717,0.022210509711555505
2021-06-22T00:00:00Z,0.10784100804285982,0.3624977383214051,0.012696336851127313
2021-06-21T00:00:00Z,0.10204958286300995,0.3573866210612307,0.01198975408233605
2021-06-20T00:00:00Z,0.10208224083817079,0.35412515181402837,0.011521126530707224
2021-06-19T00:00:00Z,0.10166442298509282,0.35311476091697575,0.011676281875549555
2021-06-18T00:00:00Z,0.10138763830581753,0.3530493854298855,0.013602902533284994
2021-06-17T00:00:00Z,0.10101426126970031,0.35387384877039063,0.010674022329482133
2021-06-16T00:00:00Z,0.10099214113439142,0.35601028396490697,0.011965459973701695
2021-06-15T00:00:00Z,0.10171649201453183,0.35640092777576454,0.012319176523066092
2021-06-14T00:00:00Z,0.10088132413996956,0.352077260359351,0.009232978515429388
2021-06-13T00:00:00Z,0.10149634324612382,0.3520367410077327,0.008743320777886431
2021-06-12T00:00:00Z,0.10365051554881485,0.35421697845418765,0.009847641825777338
2021-06-11T00:00:00Z,0.1022933555745057,0.35267586321535244,0.009664426880767994
2021-06-10T00:00:00Z,0.10270804072565645,0.3527833322556236,0.009278722455440999
2021-06-09T00:00:00Z,0.10339896825167555,0.3531072308649293,0.009632252874114433
2021-06-08T00:00:00Z,0.10570765954690213,0.35550914380387394,0.014474083216146358
2021-06-07T00:00:00Z,0.10692098398829471,0.3570751222268624,0.013403310970985547
2021-06-06T00:00:00Z,0.10655053309631696,0.3575295609720422,0.012588702323572823
2021-06-05T00:00:00Z,0.10894421929623313,0.3606013271143532,0.014205282636964727
2021-06-04T00:00:00Z,0.11865034361125523,0.3695001392860165,0.021764205067465042
2021-06-03T00:00:00Z,0.10156482962286384,0.35175042562855796,0.009838133052662349
2021-06-02T00:00:00Z,0.10283596904154632,0.3541990897752473,0.011556663428694618
2021-06-01T00:00:00Z,0.10183302972637269,0.35401007911392873,0.01190597144547961
2021-05-31T00:00:00Z,0.09893699803365134,0.3545536183936225,0.01309182530689302
2021-05-30T00:00:00Z,0.09901277831032251,0.34859754704093915,0.008287572224531106
2021-05-29T00:00:00Z,0.10116915943643792,0.3504444684092051,0.010182925717843433
2021-05-28T00:00:00Z,0.10096488389404445,0.3551916164935853,0.0140325655366209
2021-05-27T00:00:00Z,0.10085193539134688,0.350993495435702,0.00990750628149418
2021-05-26T00:00:00Z,0.1006677676089262,0.349704215457385,0.010166982897972202
2021-05-25T00:00:00Z,0.10105009575087529,0.34948714826284005,0.010920981096481767
2021-05-24T00:00:00Z,0.10091707132552917,0.3494772807368237,0.012790876799502866
2021-05-23T00:00:00Z,0.10295287108881446,0.35169265562049346,0.013257531943436084
2021-05-22T00:00:00Z,0.10148053469575043,0.35001686371895774,0.011893457087714013
2021-05-21T00:00:00Z,0.10425730610147321,0.3532174667620047,0.0184376266174864
2021-05-20T00:00:00Z,0.10581997816075216,0.3550000844224708,0.018467582031473476
2021-05-19T00:00:00Z,0.10757683651713265,0.3587714812126177,0.021229949069169828
2021-05-18T00:00:00Z,0.10226651853808942,0.3524107949319267,0.01705241219936392
2021-05-17T00:00:00Z,0.1035764693450153,0.3516866348008302,0.016183891589192024
2021-05-16T00:00:00Z,0.10507413641097903,0.3538549050436445,0.021117281234500664
2021-05-15T00:00:00Z,0.10957603369848913,0.3580488214109524,0.025121618079182673
2021-05-14T00:00:00Z,0.11211001297305952,0.35974524106850064,0.02546461759509573
2021-05-13T00:00:00Z,0.11367219187192264,0.36176936841478935,0.030105575159292217
2021-05-12T00:00:00Z,0.11639220874468145,0.3701651486548787,0.04212159557558797
2021-05-11T00:00:00Z,0.11635743097003626,0.368393141069761,0.03294028532367402
2021-05-10T00:00:00Z,0.11476716947726442,0.36622956535868895,0.031491716344741724
2021-05-09T00:00:00Z,0.10917009843121461,0.35725985779969766,0.025460120227151353
2021-05-08T00:00:00Z,0.10810345790351061,0.35854983835996157,0.02128748912433093
2021-05-07T00:00:00Z,0.11044492447917138,0.36134118605864474,0.028213552875571608
2021-05-06T00:00:00Z,0.11122986905776114,0.3595322320117494,0.027193208669423465
2021-05-05T00:00:00Z,0.1129831816018583,0.3646177623949691,0.03533212496117072
2021-05-04T00:00:00Z,0.11248332792273093,0.3618860619618485,0.023311987207022662
2021-05-03T00:00:00Z,0.11450835811278144,0.3653044381103821,0.02655047268833235
2021-05-02T00:00:00Z,0.10793878758568423,0.35784276118610825,0.020993146267616957
2021-05-01T00:00:00Z,0.11275797678975742,0.3637657466236137,0.023317679476710367
2021-04-30T00:00:00Z,0.11423222990840981,0.36312284550460633,0.027073379084289258
2021-04-29T00:00:00Z,0.10857931999926787,0.3562433830736386,0.020892996012870712
2021-04-28T00:00:00Z,0.1119975097485395,0.3605669558632518,0.021446121497229964
2021-04-27T00:00:00Z,0.11534188471494677,0.36298196334874744,0.019739851949838374
2021-04-26T00:00:00Z,0.11639015687630938,0.3646151806398517,0.02368612947638742
2021-04-25T00:00:00Z,0.11117208537925155,0.3596551630164589,0.020882479842490496
2021-04-24T00:00:00Z,0.10077235029205463,0.3618173430924809,0.02698994295425985
2021-04-23T00:00:00Z,0.10834467355180279,0.37005086174812474,0.03288683943826723
2021-04-22T00:00:00Z,0.12400711249039068,0.38115869063149593,0.039384696802666715
2021-04-21T00:00:00Z,0.12531055601489052,0.378428907816107,0.03444845623281991
2021-04-20T00:00:00Z,0.1104743792239852,0.3611918511466622,0.023609518212474912
2021-04-19T00:00:00Z,0.10307866165113469,0.35687707917429456,0.02213744932193895
2021-04-18T00:00:00Z,0.10567621032169193,0.36352952484182843,0.030985804963728065
2021-04-17T00:00:00Z,0.11118549640579034,0.3664708057509691,0.03453682109781889
2021-04-16T00:00:00Z,0.11483207897997791,0.3711416380058729,0.03916904300364045
2021-04-15T00:00:00Z,0.12062254374500912,0.38271042770771263,0.044476366170802424
2021-04-14T00:00:00Z,0.11165317471283173,0.3781347602467597,0.04070165871671585
2021-04-13T00:00:00Z,0.10606004432373861,0.36513892927978,0.03747812735236925
2021-04-12T00:00:00Z,0.10456536610735509,0.3630190762917183,0.043350920906146485
2021-04-11T00:00:00Z,0.10821230409148888,0.3673431716360293,0.05328652401156478
2021-04-10T00:00:00Z,0.10521794616857902,0.3660496678778888,0.03446701744575775
2021-04-09T00:00:00Z,0.09953114499470918,0.35740193005437426,0.02011525149468782
2021-04-08T00:00:00Z,0.09947182635362833,0.35628020693262474,0.01809077423410011
2021-04-07T00:00:00Z,0.10504538976677359,0.3633779948186833,0.025375641337329488
2021-04-06T00:00:00Z,0.11513583890746801,0.3729724218704345,0.0315010162049965
2021-04-05T00:00:00Z,0.11180822825725417,0.37312349039333115,0.031082948399292543
2021-04-04T00:00:00Z,0.11399611057593342,0.3746254306086989,0.03340245904309181
2021-04-03T00:00:00Z,0.11280869859987117,0.36992375075931705,0.02779757728663853
2021-04-02T00:00:00Z,0.11289506460580753,0.37211657403900894,0.02943685678422646
2021-04-01T00:00:00Z,0.11762225446627501,0.37952731902090775,0.03575305817152477
2021-03-31T00:00:00Z,0.10766409250442358,0.3665026455301813,0.0313831510924827
2021-03-30T00:00:00Z,0.10390630716343772,0.35818134470125873,0.021750937920015888
2021-03-29T00:00:00Z,0.10358006216179462,0.35719293730050033,0.02100939622040579
2021-03-28T00:00:00Z,0.10695409603063594,0.36170383444179605,0.02355280209577736
2021-03-27T00:00:00Z,0.10186946591604047,0.35890209483919533,0.02338655920195093
2021-03-26T00:00:00Z,0.10402267986482135,0.35927032583059615,0.02688387665893913
2021-03-25T00:00:00Z,0.10596808597384143,0.36127847803446345,0.030956863912446037
2021-03-24T00:00:00Z,0.11118250381995616,0.3662538616952243,0.03733003453080268
2021-03-23T00:00:00Z,0.10290410739834127,0.3571632258849091,0.03484361699674917
2021-03-22T00:00:00Z,0.1062569196873642,0.36529720101517377,0.03826643389615338
2021-03-21T00:00:00Z,0.10656937707300064,0.36984240632344795,0.03003495558618348
2021-03-20T00:00:00Z,0.1090294991418649,0.368239658026892,0.029029915089450093
2021-03-19T00:00:00Z,0.11022566728097967,0.367470647371454,0.028177652618098938
2021-03-18T00:00:00Z,0.11165499662372608,0.3747717203060125,0.029861228657944577
2021-03-17T00:00:00Z,0.10554932565714051,0.36651321361410744,0.030560523837494566
2021-03-16T00:00:00Z,0.09856164171554034,0.3522958274700278,0.01889762606143649
2021-03-15T00:00:00Z,0.09135147466345109,0.34686784932120446,0.019180497521454905
2021-03-14T00:00:00Z,0.09532505013663192,0.3514859033837485,0.022996669592095353
2021-03-13T00:00:00Z,0.09138312651530697,0.3466839283319838,0.02088582358087308
2021-03-12T00:00:00Z,0.09459157889824667,0.3496558992213063,0.02855219579425342
2021-03-11T00:00:00Z,0.10960118532847783,0.3662255832207199,0.03677857805940147
2021-03-10T00:00:00Z,0.10896924841346804,0.36956715050791666,0.041353668310846
2021-03-09T00:00:00Z,0.10409832382421606,0.3618216576773855,0.03348959062196478
2021-03-08T00:00:00Z,0.13485344681678316,0.4493003574167343,0.04338705303579214
2021-03-07T00:00:00Z,0.1645116774107682,0.520608797888076,0.06283313282835776
2021-03-06T00:00:00Z,0.11885499062078149,0.4779509306864332,0.024363045368853534
2021-03-05T00:00:00Z,0.11823562457442305,0.4859165065478325,0.03090128741127121
2021-03-04T00:00:00Z,0.12405984928215284,0.4913555642666254,0.027586228397720323
2021-03-03T00:00:00Z,0.12556349448874513,0.48476569920035256,0.02267695791283254
2021-03-02T00:00:00Z,0.12048471703171866,0.478733833191648,0.020218984702761445
2021-03-01T00:00:00Z,0.12383785576174823,0.4806723156789972,0.02018242893810545
2021-02-28T00:00:00Z,0.11874334437809743,0.4771398328274078,0.01859564793581688
2021-02-27T00:00:00Z,0.11830242288845573,0.47848715329078695,0.02392173165440448
2021-02-26T00:00:00Z,0.12005494605719716,0.4771404808541172,0.021565040879193913
2021-02-25T00:00:00Z,0.1299724228212756,0.4886739778108669,0.02641865098612931
2021-02-24T00:00:00Z,0.12203784078746673,0.4807553979157576,0.026935758470603796
2021-02-23T00:00:00Z,0.12086685586187658,0.4793607731578902,0.02249866050764848
2021-02-22T00:00:00Z,0.12808507352424495,0.48783945063463025,0.031932278874455516
2021-02-21T00:00:00Z,0.13419344139230363,0.49781083349021893,0.0397469326469577
2021-02-20T00:00:00Z,0.1414772012180827,0.5063456341562094,0.038176184168529005
2021-02-19T00:00:00Z,0.1440409693914738,0.5015687662228856,0.03586658239988898
2021-02-18T00:00:00Z,0.13232955302123592,0.4958432321826519,0.043245614739413546
2021-02-17T00:00:00Z,0.1304682746084336,0.49103425977375453,0.03422584994873792
2021-02-16T00:00:00Z,0.1443855729105864,0.5069106059239459,0.04182759481261498
2021-02-15T00:00:00Z,0.14011943543252534,0.5031951775831784,0.0419007015167073
2021-02-14T00:00:00Z,0.1319963952264382,0.49003733178803516,0.03131463687868498
2021-02-13T00:00:00Z,0.13487580987110312,0.49069231606818015,0.03945992521676039
2021-02-12T00:00:00Z,0.13230596873334216,0.4951962228195082,0.043604030719597904
2021-02-11T00:00:00Z,0.13792523550573393,0.4974541999951099,0.04403405633588007
2021-02-10T00:00:00Z,0.1361863206526822,0.5016353124637652,0.03611964473297699
2021-02-09T00:00:00Z,0.13804199851130916,0.5127188456518095,0.04624044280424769
2021-02-08T00:00:00Z,0.13725044288746707,0.5009657078413897,0.031852349134081956
2021-02-07T00:00:00Z,0.12023435564822985,0.48005205688202995,0.019118167234227223
2021-02-06T00:00:00Z,0.13336943160661868,0.4986797520395792,0.029361254908798144
2021-02-05T00:00:00Z,0.13817636739459738,0.503836217357128,0.030833730412729507
2021-02-04T00:00:00Z,0.13035863420445892,0.49624597163561474,0.03265554150003535
2021-02-03T00:00:00Z,0.13385824403573504,0.5058065194809191,0.03975204696167064
2021-02-02T00:00:00Z,0.13012251113067697,0.49817944943484366,0.033523933147892995
2021-02-01T00:00:00Z,0.11621029902222378,0.48502923629856054,0.030774569326567896
2021-01-31T00:00:00Z,0.12388527872821235,0.48800484021557017,0.028616310950218368
2021-01-30T00:00:00Z,0.12158716239669765,0.4862844407578035,0.024469317105444494
2021-01-29T00:00:00Z,0.11867559948721078,0.4899169607846634,0.03813980088648318
2021-01-28T00:00:00Z,0.12440228327108635,0.49253601037522904,0.03412850589448739
2021-01-27T00:00:00Z,0.1264561337000865,0.4927724286236622,0.03605192798841891
2021-01-26T00:00:00Z,0.11437821831401543,0.480341938058919,0.024400589477934824
2021-01-25T00:00:00Z,0.133023330951083,0.49614518189723567,0.03040180671150601
2021-01-24T00:00:00Z,0.13470698456630176,0.5067900389659838,0.040140197602660285
2021-01-23T00:00:00Z,0.12454962329001096,0.4873755392690103,0.025856600275180636
2021-01-22T00:00:00Z,0.12497245644418006,0.483970407267358,0.022765565204230724
2021-01-21T00:00:00Z,0.1266914162096499,0.4920805472636995,0.03124001599632825
2021-01-20T00:00:00Z,0.12917000402482667,0.49292556561279344,0.03281713090419233
2021-01-19T00:00:00Z,0.13499903669141286,0.5031190737391817,0.03678816364737922
2021-01-18T00:00:00Z,0.137653970832696,0.49949550353753047,0.03549582934099091
2021-01-17T00:00:00Z,0.13071948162900346,0.49029425531944565,0.02410623107764828
2021-01-16T00:00:00Z,0.12147897125330533,0.4824582253022811,0.024237988871574058
2021-01-15T00:00:00Z,0.11822636948319927,0.4771557015428302,0.0309706480110831
2021-01-14T00:00:00Z,0.12054916052666802,0.48600798939484624,0.029621903553033676
2021-01-13T00:00:00Z,0.11640169847100043,0.47636514638986105,0.02469471430600119
2021-01-12T00:00:00Z,0.11393370175133163,0.4725141701667882,0.025969747693691404
2021-01-11T00:00:00Z,0.12346764362975213,0.4797723855649113,0.037986155474241966
2021-01-10T00:00:00Z,0.1277127098721284,0.4852309593346654,0.02203046910665992
2021-01-09T00:00:00Z,0.12592951290111218,0.4814345546070094,0.018092189286291464
2021-01-08T00:00:00Z,0.1288550847388546,0.48731013859072125,0.024394791532181635
2021-01-07T00:00:00Z,0.1345664220180656,0.49589737148226815,0.02772294437222708
2021-01-06T00:00:00Z,0.13783218178717355,0.49736520030556336,0.02843362490059632
2021-01-05T00:00:00Z,0.12270858897441973,0.47944357276935373,0.016707790118621838
2021-01-04T00:00:00Z,0.14394857774822536,0.4982243937546743,0.02795316272247891
2021-01-03T00:00:00Z,0.1985574473947866,0.5622274464476492,0.10710165866369434
2021-01-02T00:00:00Z,0.20749024279654332,0.5696545942044157,0.1077504520687521
2021-01-01T00:00:00Z,0.2019572905977925,0.5700262570441427,0.11724805475844789
2020-12-31T00:00:00Z,0.19788157485044208,0.5605574194199167,0.11391829151751708
2020-12-30T00:00:00Z,0.1995633445028819,0.5681690937108267,0.12752023707662413
2020-12-29T00:00:00Z,0.13106236157804946,0.4797377680411099,0.01904868278558874
2020-12-28T00:00:00Z,0.13426708352767586,0.48836770556451314,0.026431214267092395
2020-12-27T00:00:00Z,0.12443839014635437,0.47769595197853204,0.022894228044919338
2020-12-26T00:00:00Z,0.12676638457723316,0.4784160411994748,0.022424440848185765
2020-12-25T00:00:00Z,0.12806731823713832,0.4796206922756898,0.017762086544460556
2020-12-24T00:00:00Z,0.12350283598827351,0.47388561590198397,0.015553962246636702
2020-12-23T00:00:00Z,0.11948474396797854,0.4708205910969364,0.019172571778016033
2020-12-22T00:00:00Z,0.11717737570044787,0.4700538792366487,0.015670084407280883
2020-12-21T00:00:00Z,0.1277140009847828,0.479837751547142,0.0199531881405675
2020-12-20T00:00:00Z,0.12083046954673539,0.4753830746445158,0.018143939846867112
2020-12-19T00:00:00Z,0.11754061770434863,0.4681959858995246,0.013903712139638374
2020-12-18T00:00:00Z,0.12084641615985804,0.4723657582476907,0.016920748448365414
2020-12-17T00:00:00Z,0.13414456173632627,0.4884941597508249,0.027895091508982894
2020-12-16T00:00:00Z,0.12206008014442553,0.4782051561710366,0.032510625245195206
2020-12-15T00:00:00Z,0.1202974373558662,0.4729506036096917,0.02332552307860842
2020-12-14T00:00:00Z,0.11513056198953964,0.46677481792903147,0.012475740625894814
2020-12-13T00:00:00Z,0.11480407214997444,0.465651200968007,0.012199743703425957
2020-12-12T00:00:00Z,0.11397959691755216,0.46482059362721384,0.011223108315107236
2020-12-11T00:00:00Z,0.12536625238186724,0.4725810689093827,0.020114507134462375
2020-12-10T00:00:00Z,0.12290886188378579,0.46526531765740486,0.012836071892299723
2020-12-09T00:00:00Z,0.12636254848742123,0.46878757281601896,0.013654328306660185
2020-12-08T00:00:00Z,0.12833315383477206,0.47328933206042506,0.016623745213001858
2020-12-07T00:00:00Z,0.13728718533744347,0.482823903345409,0.020729637588440715
2020-12-06T00:00:00Z,0.13362918128489276,0.47375851606335234,0.014658870444201813
2020-12-05T00:00:00Z,0.1228911379176152,0.46474082976363973,0.011701472413618906
2020-12-04T00:00:00Z,0.12549723607134947,0.46555456715406013,0.018683967736702365
2020-12-03T00:00:00Z,0.13197172849053276,0.4812181298142085,0.028675001657710968
2020-12-02T00:00:00Z,0.12005886136373889,0.47509158365647425,0.03329559248491004
2020-12-01T00:00:00Z,0.1083105618560961,0.4535233266135607,0.02393823118511686
2020-11-30T00:00:00Z,0.21100739419112435,0.8889308689581414,0.034597919528504384
2020-11-29T00:00:00Z,0.24408888383523536,1.0302289552353459,0.01462934511644523
2020-11-28T00:00:00Z,0.24409277315427358,1.0301356177874268,0.018449197603848104
2020-11-27T00:00:00Z,0.24376749198715542,1.0300294670128545,0.022493893051039895
2020-11-26T00:00:00Z,0.2457102817677003,1.029904364688759,0.024848789878124725
2020-11-25T00:00:00Z,0.20340771202981317,1.0297949448707076,0.019082501095520097
2020-11-24T00:00:00Z,0.20216281523251584,1.0297023138598098,0.01646910612051892
2020-11-23T00:00:00Z,0.2032283485562574,1.0296086994846836,0.02054617336682689
2020-11-22T00:00:00Z,0.20143193634534162,1.0295165955999472,0.023120316659514247
2020-11-21T00:00:00Z,0.2016053834084377,1.0294131404315185,0.014426960144021587
2020-11-20T00:00:00Z,0.20139646751922802,1.0293415284290206,0.012269610119787566
2020-11-19T00:00:00Z,0.2013138777107541,1.0292725354881154,0.01146252240157891
2020-11-18T00:00:00Z,0.20133176485901147,1.0291960086425773,0.016260793007266967
2020-11-17T00:00:00Z,0.20143519910377478,1.0291104450034,0.012284263503261046
2020-11-16T00:00:00Z,0.20187840507207588,1.029042692638636,0.010174610227536289
2020-11-15T00:00:00Z,0.20150953473426858,1.0289738170329392,0.011444533659668426
2020-11-14T00:00:00Z,0.20111716728433834,1.028904375710825,0.010513679961898994
2020-11-13T00:00:00Z,0.20111655253401428,1.028835789208015,0.010633584162176251
2020-11-12T00:00:00Z,0.2011753460571538,1.0287663568089556,0.010426323879035776
2020-11-11T00:00:00Z,0.2008728429377139,1.0286980752341064,0.010687581627976553
2020-11-10T00:00:00Z,0.20070821673244546,1.0286298757338537,0.010244075864278963
2020-11-09T00:00:00Z,0.2004166617384329,1.0285643084388603,0.009854568423401822
2020-11-08T00:00:00Z,0.20027040551962394,1.0285005800866838,0.009820379608823022
2020-11-07T00:00:00Z,0.20054436730066433,1.0284368431001778,0.009370593466043693
2020-11-06T00:00:00Z,0.20154116758526713,1.028371999930997,0.00960056696300105
2020-11-05T00:00:00Z,0.2014222620590264,1.0283057855288258,0.01060979282868662
2020-11-04T00:00:00Z,0.20104225331380665,1.028230910195714,0.012853604679327413
2020-11-03T00:00:00Z,0.20056780410199493,1.028160509957481,0.010121044360366779
2020-11-02T00:00:00Z,0.20044422080879473,1.0280842671346788,0.014215481222746112
2020-11-01T00:00:00Z,0.20037990175290554,1.0280073523933102,0.011915381253828815
2020-10-31T00:00:00Z,0.20019836480865835,1.0279326522420047,0.013999439328546855
2020-10-30T00:00:00Z,0.1993113910444357,1.0278642988742903,0.009007642512037305
2020-10-29T00:00:00Z,0.19863206906560535,1.0278007475514446,0.011567702630974995
2020-10-28T00:00:00Z,0.19852364420767077,1.027719961217941,0.017277654380993063
2020-10-27T00:00:00Z,0.1984181016585196,1.0276458539373448,0.014063615287512302
2020-10-26T00:00:00Z,0.2032584800055913,1.0282754541354706,0.011308481352886778
2020-10-25T00:00:00Z,0.20835333958605,1.0288316287971948,0.007200211340636514
2020-10-24T00:00:00Z,0.2095701370541961,1.0287765599263805,0.007303684393408
2020-10-23T00:00:00Z,0.20954580018581143,1.028722460808343,0.006699988493724602
2020-10-22T00:00:00Z,0.20962499753893074,1.028662949344912,0.010763977202547634
2020-10-21T00:00:00Z,0.21147287400823564,1.028584329122986,0.01943748843851639
2020-10-20T00:00:00Z,0.2174717343013894,1.0292977441113524,0.01764383108140443
2020-10-19T00:00:00Z,0.221703959199778,1.02983888464308,0.010029003235912541
2020-10-18T00:00:00Z,0.2215556993520257,1.02977540641517,0.008449483537981405
2020-10-17T00:00:00Z,0.22136828267761657,1.029712802148133,0.008740249402541906
2020-10-16T00:00:00Z,0.22134863501358018,1.0296484745342138,0.00899798054320853
2020-10-15T00:00:00Z,0.22168114655271481,1.0295835442313888,0.009836660488682172
2020-10-14T00:00:00Z,0.22165333555887864,1.0295175359380246,0.011194667002293716
2020-10-13T00:00:00Z,0.22148230968351473,1.0294493130550721,0.009994171457924826
2020-10-12T00:00:00Z,0.2212679479639159,1.0293856429440968,0.009665196992274399
2020-10-11T00:00:00Z,0.22114845132672006,1.0293201140573194,0.009693686339637046
2020-10-10T00:00:00Z,0.22097924976538924,1.0292569789931774,0.011383330077045969
2020-10-09T00:00:00Z,0.2208043123018845,1.0291909367917704,0.010633153460010468
2020-10-08T00:00:00Z,0.22029766944204884,1.0290937733902359,0.026736592212047817
2020-10-07T00:00:00Z,0.2202092675917294,1.0289633731097305,0.0351875551115438
2020-10-06T00:00:00Z,0.22011450000233598,1.0288253792648985,0.019760742501279564
2020-10-05T00:00:00Z,0.2201079612583598,1.0287353154620176,0.01670309149288288
2020-10-04T00:00:00Z,0.21851539895486569,1.0286148624358757,0.022015446876978616
2020-10-03T00:00:00Z,0.21709131643471982,1.028510013512359,0.017949683170674337
2020-10-02T00:00:00Z,0.21717197990684614,1.0284315289777697,0.014042213300045073
2020-10-01T00:00:00Z,0.2172509690406798,1.0283536597786282,0.01406436327562757
2020-09-30T00:00:00Z,0.21683861991706485,1.0282756492178888,0.01801500660119407
2020-09-29T00:00:00Z,0.21697756775601906,1.0282005775391876,0.012113589525801983
2020-09-28T00:00:00Z,0.2174250556818936,1.0281296523268395,0.013423831272568675
2020-09-27T00:00:00Z,0.2174733820304812,1.0280498094056558,0.015798175859330812
2020-09-26T00:00:00Z,0.21683162979831655,1.0279636109280093,0.01511801818412258
2020-09-25T00:00:00Z,0.21757731136512506,1.0278912756713634,0.010588397103720086
2020-09-24T00:00:00Z,0.21749237922294082,1.0278047383593722,0.02426688973641437
2020-09-23T00:00:00Z,0.22226690590956044,1.0276990537480102,0.020302870767925866
2020-09-22T00:00:00Z,0.2220743283432223,1.027599088808869,0.02205337143625358
2020-09-21T00:00:00Z,0.22228141340652813,1.0275148786579673,0.011761297890936441
2020-09-20T00:00:00Z,0.22269850833380572,1.0274405682008523,0.01263793946432257
2020-09-19T00:00:00Z,0.22313345669685988,1.0273660896510641,0.01214047613507372
2020-09-18T00:00:00Z,0.22700639375314696,1.0272587604568255,0.03208773865131062
2020-09-17T00:00:00Z,0.2278006711389164,1.0270490995369075,0.032360767767157676
2020-09-16T00:00:00Z,0.22847847305667796,1.0267662740965637,0.06334186904565771
2020-09-15T00:00:00Z,0.227710945322087,1.0264055789682038,0.077149979422143
2020-09-14T00:00:00Z,0.22909770629510365,1.0259710646973288,0.07722579457509147
2020-09-13T00:00:00Z,0.2387865447595809,1.025694775465204,0.052532655291811586
2020-09-12T00:00:00Z,0.2305643792832409,1.0254152673402144,0.04900971711600719
2020-09-11T00:00:00Z,0.227837862490546,1.0251602199732377,0.06301258849626405
2020-09-10T00:00:00Z,0.22916049319915732,1.0249268073320743,0.05618510658115172
2020-09-09T00:00:00Z,0.23018302164910906,1.0246896458570849,0.07063004136354195
2020-09-08T00:00:00Z,0.22593905059375993,1.0244551423386514,0.0702001203125456
2020-09-07T00:00:00Z,0.22494343728847568,1.024201561408442,0.0772177102198423
2020-09-06T00:00:00Z,0.22443079320948592,1.0239405264007029,0.06138953259961465
2020-09-05T00:00:00Z,0.22802362880324462,1.0237568492635218,0.05229447977277111
2020-09-04T00:00:00Z,0.24160076057317914,1.0235521782194146,0.05591792435658105
2020-09-03T00:00:00Z,0.2559725561689676,1.0233004794337075,0.07205428695781661
2020-09-02T00:00:00Z,0.2613108207574853,1.0230707625727729,0.061410781004182874
2020-09-01T00:00:00Z,0.2872477712525754,1.0228047948963153,0.08373332445897663
2020-08-31T00:00:00Z,0.2430431230052802,1.0225016587886244,0.10753539315010402
2020-08-30T00:00:00Z,0.22370309670104394,1.0221888043801468,0.06760232569154466
2020-08-29T00:00:00Z,0.22362381499282105,1.0219627963935198,0.05545546479819223
2020-08-28T00:00:00Z,0.23872478145827156,1.0221784480989817,0.05345370218209107
2020-08-27T00:00:00Z,0.24076496305080033,1.022746951200535,0.030568055124091345
2020-08-26T00:00:00Z,0.23269473983514774,1.0226085032388774,0.037778314685091643
2020-08-25T00:00:00Z,0.2333234200996247,1.0223807273706471,0.061143615437039105
2020-08-24T00:00:00Z,0.2325133342986511,1.022082310524695,0.0342305834130066
2020-08-23T00:00:00Z,0.25151674274353303,1.021960382526686,0.02533200867327143
2020-08-22T00:00:00Z,0.28357299288826754,1.0218826495318207,0.0066445585198673576
2020-08-21T00:00:00Z,0.26578797136511434,1.0218239190168936,0.009737206027950319
2020-08-20T00:00:00Z,0.2846777682311266,1.0217498612085494,0.009760120660291213
2020-08-19T00:00:00Z,0.29041325382574973,1.0216659012935447,0.038170116153132524
2020-08-18T00:00:00Z,0.2826633015125708,1.0215364291176137,0.012040517740632481
2020-08-17T00:00:00Z,0.2858149388374627,1.021485739628505,0.004748474654554008
2020-08-16T00:00:00Z,0.28011865665011154,1.0214327847088172,0.005842172180456731
2020-08-15T00:00:00Z,0.27997959656443394,1.0213657981692272,0.014304477292303395
2020-08-14T00:00:00Z,0.2755913279350318,1.0212777334217344,0.017245175327121057
2020-08-13T00:00:00Z,0.2898364119792336,1.0211053442203895,0.08665552007222772
2020-08-12T00:00:00Z,0.2867821859482516,1.020609761266391,0.12831572147242137
2020-08-11T00:00:00Z,0.2470227751538094,1.020199884933415,0.023072633473129617
2020-08-10T00:00:00Z,0.2430047810743744,1.0201178107836157,0.012809805178593946
2020-08-09T00:00:00Z,0.24438660839793944,1.0200335616618816,0.01427829110119768
2020-08-08T00:00:00Z,0.24534391146044648,1.0199542418581113,0.014489990153727358
2020-08-07T00:00:00Z,0.24597132810934236,1.01987385693699,0.01269427362738261
2020-08-06T00:00:00Z,0.24657606898901435,1.0197900550096919,0.016527639838935914
2020-08-05T00:00:00Z,0.2453882067527248,1.0196955720029697,0.018827081093883452
2020-08-04T00:00:00Z,0.2429924920769841,1.0196074385799354,0.0147037004871718
2020-08-03T00:00:00Z,0.24167357859823166,1.0195182304363177,0.01593719361082161
2020-08-02T00:00:00Z,0.2419347252252491,1.019440248655036,0.011545414589642361
2020-08-01T00:00:00Z,0.24189953013810622,1.0193648115602347,0.012863966948731967
2020-07-31T00:00:00Z,0.2446309594063406,1.0192845369313124,0.01266016449731598
2020-07-30T00:00:00Z,0.24523218468407662,1.019206021904675,0.013530845158032344
2020-07-29T00:00:00Z,0.24607698282638915,1.0191204841367945,0.017398430549998886
2020-07-28T00:00:00Z,0.24590500481557462,1.0190331703437139,0.012727513584390907
2020-07-27T00:00:00Z,0.2459476008735078,1.0189578517691757,0.010803418063620826
2020-07-26T00:00:00Z,0.2448649451208417,1.018888181407975,0.010386144738488236
2020-07-25T00:00:00Z,0.24651197272397896,1.0188166113760289,0.012429276976105871
2020-07-24T00:00:00Z,0.2744400623593737,1.01873195484025,0.017261705924013052
2020-07-23T00:00:00Z,0.2802546209289041,1.0186394386661914,0.021278298348743976
2020-07-22T00:00:00Z,0.2762070494935514,1.018543004224322,0.01313199457955697
2020-07-21T00:00:00Z,0.2738301650565205,1.0184786389031437,0.00857119730429343
2020-07-20T00:00:00Z,0.27118731315522004,1.0184130958836686,0.00862104029855023
2020-07-19T00:00:00Z,0.2772976333346657,1.0183409038733688,0.012278557302721843
2020-07-18T00:00:00Z,0.2781127489754335,1.0182446423132758,0.023673766187735222
2020-07-17T00:00:00Z,0.2779754514859581,1.018152427587991,0.01738551620401413
2020-07-16T00:00:00Z,0.3009801935763216,1.0195643589725019,0.021878991187905452
2020-07-15T00:00:00Z,0.31008651058843567,1.0200808447850584,0.023283469785880556
2020-07-14T00:00:00Z,0.3099298070386631,1.0199688119166386,0.026181196970740655
2020-07-13T00:00:00Z,0.3112422681803093,1.0198698412919835,0.020492142019637543
2020-07-12T00:00:00Z,0.31108970591423624,1.0197751093971124,0.01999397981668214
2020-07-11T00:00:00Z,0.3110031265167268,1.019685724379551,0.019376041905691765
2020-07-10T00:00:00Z,0.3130392809307813,1.0195929176841347,0.01969679537265853
2020-07-09T00:00:00Z,0.3138564778385705,1.0194954087666763,0.021739610783457236
2020-07-08T00:00:00Z,0.31387405019510506,1.0193938685813526,0.02652854251351731
2020-07-07T00:00:00Z,0.32018193665301437,1.0192888826298647,0.021698192375816945
2020-07-06T00:00:00Z,0.29989905791776994,1.01918445783716,0.02166406489435181
2020-07-05T00:00:00Z,0.3006599779923861,1.019088921734384,0.0198320965508056
2020-07-04T00:00:00Z,0.300855153249608,1.018989578961278,0.019465944586159117
2020-07-03T00:00:00Z,0.26890910824390996,1.0188861660405368,0.028621973143916093
2020-07-02T00:00:00Z,0.26277547960548076,1.0187395043488396,0.02081732613379265
2020-07-01T00:00:00Z,0.2623889533703873,1.0185767284038838,0.030288326601371
2020-06-30T00:00:00Z,0.26229406051868476,1.018302331844798,0.01940695128685448
2020-06-29T00:00:00Z,0.262040106454585,1.0180124596606543,0.01800524704162321
2020-06-28T00:00:00Z,0.2618985138624776,1.017731747664726,0.017339635487656456
2020-06-27T00:00:00Z,0.2619077517655501,1.0174465031754387,0.019180472256092856
2020-06-26T00:00:00Z,0.2608378232381323,1.0171527207631836,0.019927498844010523
2020-06-25T00:00:00Z,0.26008575717633425,1.016869623091806,0.019953261988848524
2020-06-24T00:00:00Z,0.26146077481110463,1.0165768191201479,0.03464961969309721
2020-06-23T00:00:00Z,0.26326026820033,1.016300321504701,0.0334314353055888
2020-06-22T00:00:00Z,0.2666375764808447,1.0160942446190877,0.05629307497198454
2020-06-21T00:00:00Z,0.2651042428843866,1.0158611511302664,0.043196821138447444
2020-06-20T00:00:00Z,0.2646525441658322,1.0156350545494994,0.05665063021250963
2020-06-19T00:00:00Z,0.2598612549145469,1.0153885400426237,0.059238978357620695
2020-06-18T00:00:00Z,0.2563662980183943,1.0152310331479297,0.02915928282904631
2020-06-17T00:00:00Z,0.25516053457223375,1.0151315217526506,0.020217702952505863
2020-06-16T00:00:00Z,0.255303278481499,1.0150378989310016,0.02194699604796857
2020-06-15T00:00:00Z,0.25653858001331226,1.0149385911762983,0.023565613353208364
2020-06-14T00:00:00Z,0.25735588539960486,1.0148315135019794,0.022926689909751108
2020-06-13T00:00:00Z,0.2573362728581015,1.0147266524432896,0.02209417314340099
2020-06-12T00:00:00Z,0.25701605134106076,1.0146352294324819,0.020050147550996125
2020-06-11T00:00:00Z,0.2561334510946135,1.0145298556158224,0.023870828559888892
2020-06-10T00:00:00Z,0.2562327310907229,1.0143871623165848,0.025978523950377093
2020-06-09T00:00:00Z,0.2559663638637188,1.0142285776133386,0.023820609916788946
2020-06-08T00:00:00Z,0.2543849053208076,1.0141346031190102,0.01781841098275624
2020-06-07T00:00:00Z,0.25566115248750637,1.0140499614891607,0.020022118110093138
2020-06-06T00:00:00Z,0.25560026343858966,1.0139526241255254,0.022242922959394163
2020-06-05T00:00:00Z,0.25557495487973697,1.0138570355622794,0.025721117540730684
2020-06-04T00:00:00Z,0.2554404315200397,1.0137527854467379,0.021873759267189277
2020-06-03T00:00:00Z,0.25540357924399704,1.0136506379052808,0.023746934671731265
2020-06-02T00:00:00Z,0.255405903288751,1.0135495672103894,0.02511192096515918
2020-06-01T00:00:00Z,0.2554765345961253,1.0134556524578695,0.020603433805361625
2020-05-31T00:00:00Z,0.2550154025607955,1.0133667818619732,0.02001372339127232
2020-05-30T00:00:00Z,0.2548086809166331,1.0132726688956613,0.02226445268742409
2020-05-29T00:00:00Z,0.25459005013885017,1.0131736458628104,0.019473938519208162
2020-05-28T00:00:00Z,0.2546835437913571,1.0130888721746378,0.01730838925896766
2020-05-27T00:00:00Z,0.2546827668671902,1.0130051639553765,0.018107386888067352
2020-05-26T00:00:00Z,0.25470176419243373,1.0129173340470194,0.018207177866508877
2020-05-25T00:00:00Z,0.25468188354877813,1.0128308797246859,0.017549820322663147
2020-05-24T00:00:00Z,0.25464568493319784,1.0127455228472722,0.018304556912111605
2020-05-23T00:00:00Z,0.25464835665275726,1.0126556197632866,0.019790652000746888
2020-05-22T00:00:00Z,0.25452045373743837,1.0125762583234776,0.016963448207609873
2020-05-21T00:00:00Z,0.2544460853673575,1.012494590005541,0.018518522735951212
2020-05-20T00:00:00Z,0.25399653466229904,1.0123995615903818,0.019022276851592163
2020-05-19T00:00:00Z,0.2525380621254748,1.0123068904744472,0.020706457064360962
2020-05-18T00:00:00Z,0.2529906049034101,1.0122208459218285,0.020380298318481344
2020-05-17T00:00:00Z,0.2541060374825591,1.01213137646676,0.01986390041827655
2020-05-16T00:00:00Z,0.25476938175257396,1.012037910319723,0.01926364168194927
2020-05-15T00:00:00Z,0.2552642296549526,1.011948234269077,0.01950970825135628
2020-05-14T00:00:00Z,0.25405523466179547,1.0118507289693432,0.022019082623221196
2020-05-13T00:00:00Z,0.2540295293440729,1.01175429984656,0.028964854565514835
2020-05-12T00:00:00Z,0.2538741500066945,1.0116266033932952,0.03981800340410351
2020-05-11T00:00:00Z,0.2537082344413657,1.011502028976419,0.018845356174291124
2020-05-10T00:00:00Z,0.25334835688156276,1.011413471282506,0.019229749230793836
2020-05-09T00:00:00Z,0.25352699867724016,1.0113283473280745,0.016681604218193518
2020-05-08T00:00:00Z,0.25398739595633174,1.0112352951005157,0.02175035056566085
2020-05-07T00:00:00Z,0.25406716487154823,1.011138929538507,0.022644441210004206
2020-05-06T00:00:00Z,0.2541198819354429,1.011027680452119,0.033638994280264255
2020-05-05T00:00:00Z,0.2541755345568582,1.0108903664602067,0.03341033026719686
2020-05-04T00:00:00Z,0.2541777062964387,1.0107672311016471,0.025283927352298965
2020-05-03T00:00:00Z,0.2540442373072494,1.0106611019403722,0.02844378261627565
2020-05-02T00:00:00Z,0.2539415281178863,1.010546793887147,0.032349994293918674
2020-05-01T00:00:00Z,0.25393805557536897,1.0104285244151325,0.03131361892146574
2020-04-30T00:00:00Z,0.2539765964177815,1.0103008791197352,0.03576291300876105
2020-04-29T00:00:00Z,0.25375932194096734,1.0101518593419203,0.04183866770832007
2020-04-28T00:00:00Z,0.2522690209208303,1.0099941531948937,0.04833510954552166
2020-04-27T00:00:00Z,0.2509476148177365,1.0098094667326623,0.055369214542954404
2020-04-26T00:00:00Z,0.250452485172863,1.0096451674709277,0.045674477771964525
2020-04-25T00:00:00Z,0.25028221042586424,1.0094727355792632,0.0543394346849832
2020-04-24T00:00:00Z,0.25021785619858855,1.009299375288099,0.044932304124346505
2020-04-23T00:00:00Z,0.24964390197446198,1.009175132687838,0.026401806521225788
2020-04-22T00:00:00Z,0.24930579029498273,1.0090995842947215,0.009959216211522943
2020-04-21T00:00:00Z,0.2493065097695506,1.0090186726489876,0.0233723139758032
2020-04-20T00:00:00Z,0.2597478998629825,1.0089343575103007,0.010518154225132786
2020-04-19T00:00:00Z,0.27750595022208047,1.0088447214807255,0.029530304075648155
2020-04-18T00:00:00Z,0.2769607287927376,1.0087348422305984,0.027346671872331654
2020-04-17T00:00:00Z,0.2769616565802252,1.0086070338949527,0.033791335439975236
2020-04-16T00:00:00Z,0.2769643145524084,1.0084886801120714,0.029140538267670067
2020-04-15T00:00:00Z,0.2769623703610854,1.0083889815081903,0.011787914436906815
2020-04-14T00:00:00Z,0.2769607111078615,1.0083175708804284,0.010152844872813536
2020-04-13T00:00:00Z,0.2769764654160448,1.0082504727407233,0.009321368987321966
2020-04-12T00:00:00Z,0.276866602675738,1.0081866932036079,0.00933706075643212
2020-04-11T00:00:00Z,0.2761864635470979,1.0081214722254004,0.009231256583382008
2020-04-10T00:00:00Z,0.27606375121654936,1.0080562746536863,0.009359695095475998
2020-04-09T00:00:00Z,0.27613177110625453,1.0079894486112877,0.00958192372435799
2020-04-08T00:00:00Z,0.27621703519884017,1.0079226715778602,0.010452482860297492
2020-04-07T00:00:00Z,0.2777543337253763,1.007853573779608,0.011152006378993752
2020-04-06T00:00:00Z,0.2781713849812806,1.0077844036025743,0.011386096057674806
2020-04-05T00:00:00Z,0.27813165535340467,1.0077154912296025,0.01088208835742988
2020-04-04T00:00:00Z,0.27810564335344745,1.0076537281205422,0.010798997920472142
2020-04-03T00:00:00Z,0.2781181970848929,1.0075923332945038,0.012176259861911195
2020-04-02T00:00:00Z,0.27812491832601766,1.0075157253306248,0.017309891330601845
2020-04-01T00:00:00Z,0.2781290597172643,1.007447576374011,0.013472608413209068
2020-03-31T00:00:00Z,0.27817544344032546,1.0073806454396415,0.011833444723674041
2020-03-30T00:00:00Z,0.2781758685453253,1.0073148726972878,0.012004680549164669
2020-03-29T00:00:00Z,0.27817772169094335,1.0072503271040278,0.011980230346774793
2020-03-28T00:00:00Z,0.27895843486130445,1.0071842389539014,0.013148573213503099
2020-03-27T00:00:00Z,0.27998232264383965,1.0071145681698597,0.014603162839982243
2020-03-26T00:00:00Z,0.29377387602569743,1.007275370013693,0.018211680216336883
2020-03-25T00:00:00Z,0.2987781712833369,1.0074076492721655,0.015704735066284007
2020-03-24T00:00:00Z,0.2987522947401867,1.0073355550700678,0.014996681404374136
2020-03-23T00:00:00Z,0.298520779412167,1.0072557255486514,0.014105318434873143
2020-03-22T00:00:00Z,0.2988071638376996,1.0071859309233213,0.013797137818375013
2020-03-21T00:00:00Z,0.2988736829670366,1.007120121410361,0.014081125157387298
2020-03-20T00:00:00Z,0.299152048104199,1.0070527500361146,0.015674391968941364
2020-03-19T00:00:00Z,0.29899218096545893,1.0069810627312081,0.01372611664698952
2020-03-18T00:00:00Z,0.2735788686715488,1.0069055285151272,0.019716377447501692
2020-03-17T00:00:00Z,0.2667078095774556,1.0068284251216915,0.014593423263679682
2020-03-16T00:00:00Z,0.2654978365802666,1.0067506072691816,0.015341402073315408
2020-03-15T00:00:00Z,0.26466238854646357,1.0066834767135613,0.013303632130395681
2020-03-14T00:00:00Z,0.26468457780960913,1.0066114215355049,0.023372627226089595
2020-03-13T00:00:00Z,0.26461734430444633,1.006482785041799,0.047077681488587576
2020-03-12T00:00:00Z,0.11492063355765446,1.0063529275118281,0.024782960456962988
2020-03-11T00:00:00Z,0.0753479855760754,1.0062495339590785,0.028538883202983967
2020-03-10T00:00:00Z,0.07396671950759788,1.0061596998779485,0.014059706545140821
2020-03-09T00:00:00Z,0.07155500832863422,1.0060848814678223,0.0167871378749265
2020-03-08T00:00:00Z,0.07193465160156402,1.006002289608675,0.020942472365947196
2020-03-07T00:00:00Z,0.07187204251881256,1.0059005456846435,0.02418051952457714
2020-03-06T00:00:00Z,0.0723394782106467,1.0058070712980862,0.023831904127574726
2020-03-05T00:00:00Z,0.07647700870906464,1.0056979253749447,0.03052015515470806
2020-03-04T00:00:00Z,0.0803930552712603,1.0055534046388668,0.04728745960971994
2020-03-03T00:00:00Z,0.08072789143341715,1.0054464421721139,0.015373875924190643
2020-03-02T00:00:00Z,0.08255914455164276,1.0053768649440264,0.015198582035115293
2020-03-01T00:00:00Z,0.08256002449266005,1.0053027668235548,0.01777883312842951
2020-02-29T00:00:00Z,0.07782536149256658,1.0052086356810543,0.030610283804683603
2020-02-28T00:00:00Z,0.07852776541849378,1.005102550068556,0.033006098578032314
2020-02-16T00:00:00Z,0.07165293666735101,1.0037172093907005,0.025555213364160393
2020-02-15T00:00:00Z,0.07436704984892169,1.003621087446834,0.02394365437300751
2020-02-14T00:00:00Z,0.07545568020439984,1.0035140816647703,0.026356301534529936
2020-02-13T00:00:00Z,0.06824497506635457,1.0034115622360706,0.026287594180106396
2020-02-12T00:00:00Z,0.0647997794011463,1.0032827174996453,0.0545885627600341
2020-02-11T00:00:00Z,0.07866381365122664,1.0030716762456022,0.06684388057505525
2020-02-10T00:00:00Z,0.07680920291229716,1.0028735160106776,0.053719062991085524
2020-02-09T00:00:00Z,0.07233084578500583,1.0027278303270084,0.03285872618567484
2020-02-08T00:00:00Z,0.0707956701038105,1.0026188684425,0.028381368169704446
2020-02-07T00:00:00Z,0.07228427790800873,1.0025100519864207,0.02735866230362037
2020-02-06T00:00:00Z,0.06883084685536171,1.002404971248096,0.02510970578396041
2020-02-05T00:00:00Z,0.06875787187038174,1.0022896494470395,0.04587307573941893
2020-02-04T00:00:00Z,0.06875034480422369,1.0020977811758602,0.0643138305271279
2020-02-03T00:00:00Z,0.06874788246387754,1.0019489336624448,0.02970211783823971
2020-02-02T00:00:00Z,0.06842856414017484,1.0018456550449444,0.02488309464443748
2020-02-01T00:00:00Z,0.06838317482597123,1.0017395689864859,0.02797129332545191
2020-01-31T00:00:00Z,0.06798156965418384,1.0016401468606944,0.023117750472401662
2020-01-30T00:00:00Z,0.06757874147400235,1.0015467653079313,0.01857890831455863
2020-01-29T00:00:00Z,0.05958299353855917,1.0014635657442439,0.03428193050505197
2020-01-28T00:00:00Z,0.0708957902013939,1.001307835051439,0.04360869916452422
2020-01-27T00:00:00Z,0.06915647812539912,1.00117196708055,0.036354402349075846
2020-01-26T00:00:00Z,0.060042352123145425,1.0010760122887843,0.019478060517379395
2020-01-25T00:00:00Z,0.0596702069599894,1.000997809984441,0.01805594943056786
2020-01-24T00:00:00Z,0.06326691082823187,1.0009237184651616,0.015455400834631287
2020-01-23T00:00:00Z,0.0634152436631403,1.0008667493386239,0.012397692662631724
2020-01-22T00:00:00Z,0.06507636312871061,1.0008061844491336,0.02086163363003285
2020-01-21T00:00:00Z,0.06522246432529337,1.0007099292781667,0.02943439865357683
2020-01-20T00:00:00Z,0.066573142971839,1.0006340786782955,0.010384832787850481
2020-01-19T00:00:00Z,0.06584103175316262,1.0005707105004122,0.010986512961477618
2020-01-18T00:00:00Z,0.06583973021688586,1.0005266623478315,0.011185723127183656
2020-01-17T00:00:00Z,0.0661718587079386,1.0004815863337682,0.011735351189111209
2020-01-16T00:00:00Z,0.06538621945596709,1.000417568627346,0.01222283294215583
2020-01-15T00:00:00Z,0.06355063787264102,1.0003642736288463,0.012766280841017772
2020-01-14T00:00:00Z,0.051843992009914096,1.0003052165665338,0.013690110118310506
2020-01-13T00:00:00Z,0.03390879986901608,1.0002428820937286,0.010524701374765405
2020-01-12T00:00:00Z,0.03398027851923792,1.000203530469013,0.01243451450350973
